rainfall_mm,slope_angle,soil_moisture,vegetation_cover,elevation_m,previous_landslides,risk_label
120.5,32,45,20,850,1,1
15.2,10,20,80,300,0,0
200.1,40,60,15,1200,2,1
5.0,5,10,90,150,0,0
90.3,28,38,25,700,1,1
30.0,15,25,60,400,0,0
250.7,45,70,10,1500,3,1
12.1,8,18,85,200,0,0
75.4,25,35,30,600,0,1
8.5,6,15,88,180,0,0
180.2,38,55,18,1100,2,1
20.3,12,22,70,350,0,0
110.6,30,42,22,800,1,1
40.1,18,28,55,450,0,0
300.0,50,80,5,1800,4,1
6.2,4,12,92,120,0,0
95.8,27,40,28,650,1,1
22.5,13,24,65,380,0,0
160.3,35,50,20,950,2,1
10.0,7,16,86,190,0,0
130.4,33,47,19,870,1,1
18.7,11,21,75,320,0,0
210.9,42,62,14,1250,3,1
14.3,9,19,82,220,0,0
85.6,26,37,27,620,1,1
28.9,14,26,58,410,0,0
270.5,47,75,8,1600,3,1
7.8,5,13,90,160,0,0
100.2,29,41,24,750,1,1
25.6,16,27,58,430,0,0
